id,question,answer
1,How do I search for products?,"To search for products on our website, simply type the name or keywords of the product you're looking for into the search bar located in the header at the top of the page. As you type, a dropdown (tippy) menu will automatically appear below the search bar, showing a list of available products that match your keywords. You can scroll through the list and click on any product you're interested in to view its detailed information. This helps you quickly find and explore products without navigating through multiple pages."
2,How can I filter products by size?,"To filter products by size on our website, go to the product listing page and click the Filter button located at the top-left corner of the product list. This will open a panel with various filtering options. Look for the Size section and select the size(s) you want to filter by. After selecting your preferred size(s), make sure to click the Apply button to apply the filter. The product list will then update to show only the items available in the sizes you've chosen. This helps you easily find products that fit your needs without browsing through unrelated items."
3,Where can I find clothes for my kids?,"You can find clothes for your kids on our website by either using the search bar or the filter feature. To search directly, simply type keywords related to the type of kid's clothing you're looking for into the search bar located at the top of the page. A dropdown menu will appear with matching products that you can browse and select from. Alternatively, you can click the Filter button at the top-left corner of the product listing page. In the filter panel, choose the Kids category to view products specifically for children. Please note that only one category can be selected at a time — either Kids, Women, Men, or Baby — and you need to click the Apply button after selecting Kids for the filtered product list to appear. This allows you to easily browse clothing items tailored for children."
4,What size should I choose?,"Since our website currently does not provide a built-in size chart, we recommend that you refer to size charts from well-known fashion retailers such as Uniqlo to determine the size that best matches your height and weight. These external charts typically offer reliable guidance for finding the right fit. Once you know your ideal size, you can return to our website and use the Filter feature located at the top-left of the product listing page. Click the Filter button, select your preferred size under the Size section, and then press Apply to view all available products in that size. This approach helps ensure that you find items that fit well without the need for trial and error."
5,Are there any sales or discounts?,"Yes, our website regularly features sales and special discounts. To explore discounted products, simply click on the Sale button located in the navigation bar at the top of the page (in the header section). This will take you to the dedicated Sale page, where you can browse a wide selection of items currently offered at reduced prices. All the products listed on this page are part of our ongoing promotions, making it easy for you to find great deals and save on your favorite styles."
6,How do I know if a product is in stock?,"On our website, only products that are currently in stock are displayed, so if you see a product listed, it means it's available. To check the exact availability, simply click on the product to view its detail page. There, you will see the remaining quantity for each available size, helping you know which sizes are still in stock. In cases where a specific product or size has sold out, a clear message stating “Not available” will appear to inform you that the item is no longer in stock. This ensures you always have up-to-date information before making a purchase decision."
7,Can I see what other customers think about a product?,"Yes, you can easily see what other customers think about a product on our website. When you click on any product to view its details, simply scroll down to the Reviews section. There, you’ll find comments and feedback left by other customers who have purchased the product. These reviews often include helpful insights about the quality, fit, and overall experience. Along with each comment, you’ll also see a star rating given by the customer, which reflects their level of satisfaction with the product. This information can help you make more informed decisions before buying."
8,How do I find products within my budget?,"To find products that fit your budget on our website, go to the product listing page and click on the Filter button located at the top-left corner of the product list. In the filter panel that appears, you’ll see fields labeled Min Price and Max Price. Simply enter the minimum and maximum amounts you’re willing to spend, then click the Apply button. The system will automatically update the product list to show only the items that fall within your specified price range. This helps you quickly narrow down your options and find products that match your budget."
9,Where can I find men's clothing?,"To find men's clothing on our website, go to the product listing page and click on the Filter button located at the top-left corner of the product list. In the filter panel, select the Men category to view clothing items specifically for men. Please note that you can only select Men as a category at a time — you cannot choose multiple categories such as Women, Kids, or Baby simultaneously. After selecting Men, click the Apply button to update the product list, which will now display only men's clothing items. Alternatively, you can also use the search bar to type in keywords related to the type of men's clothing you're looking for."
10,How do I find women's clothing?,"To find women's clothing on our website, go to the product listing page and click on the Filter button located at the top-left corner of the product list. In the filter panel, select the Women category to view clothing items specifically for women. Please note that you can only select Women as a category at a time — you cannot choose multiple categories such as Men, Kids, or Baby simultaneously. After selecting Women, click the Apply button to update the product list, which will now display only women's clothing items. Alternatively, you can also use the search bar to type in keywords related to the type of women's clothing you're looking for."
11,How do I create an account?,"To create an account on our website, click on the Sign Up button located at the top-right corner of the page, next to the Login button. Once you click Sign Up, you will be prompted to enter basic information such as your Name, Email, and Password. Please make sure to enter your email correctly, as our system does not yet support email verification. This means that we rely on the email you provide to handle any issues or updates related to your account in the future."
12,How do I reset my password?,"To reset your password, click on your avatar located at the top-right corner of the page. From the dropdown menu that appears, select Settings. In the settings page, choose the Reset Password option. You will then be asked to enter your old password and the new password you want to set. After entering both, click on Confirm to update your password. Your password will now be successfully updated."
13,Where can I see my order history?,"To view your order history, click on your avatar located at the top-right corner of the page. From the dropdown menu, select Profiles. On the Profile page, you will find an option called My Order History. Click on that to access and view a detailed list of your past orders."
14,How do I update my personal information?,"To update your personal information, click on your avatar located at the top-right corner of the page. From the dropdown menu, select Settings to go to the settings page. Once you're in the settings page, click on the Update Info option. Here, you can enter the information you wish to update."
15,Can I save my favorite items?,"Yes, you can save your favorite items on our website. On each product listing, you will find a heart icon located at the top-right corner of the product image. If you like a product but don’t want to purchase it right now, simply click on the heart icon to add it to your Favorites list. After you do this, the website will display a notification confirming that the product has been successfully added to your favorites. If the product has already been added before, you will receive a notification letting you know that it’s already in your favorites. To view your list of favorite items, click on the heart icon in the header of the website, and you will be directed to your Favorites page, where you can see all the products you've saved."
16,How do I remove items from my favorites?,"To remove items from your favorites, click on the heart icon in the header of the website to go to your Favorites page. On this page, you will see a list of all your favorite products. Each product will have a heart icon at the top-right corner of its image. If you want to remove a product from your favorites, simply click on this heart icon. This will remove the product from your Favorites list, instead of adding it, as is the case with adding products."
17,Where can I see my reviews?,"To view your reviews, click on your avatar located at the top-right corner of the page. From the dropdown menu, select Profile. On the Profile page, click on the My Review option. Here, you will be able to see all the reviews you have written up to now."
18,How do I get notifications about sales?,"To get notifications about sales, click on the bell icon in the header of the website. This is where you will find all notifications related to sales and discounts. Additionally, you can visit the Sales page directly by clicking on the Sale button in the navigation bar to view all products that are currently on sale."
19,Can I have multiple shipping addresses?,"On our website, you can only enter one shipping address per order. However, you are welcome to use different shipping addresses for each individual order. This allows you to choose a unique address for each purchase."
20,How do I delete my account?,"Currently, our website does not support the feature to delete accounts. If you no longer wish to use your current account, you can create a new one to continue shopping. If you encounter any issues while creating a new account, please feel free to contact our Customer Support Center for assistance."
21,How do I write a review?,"You can write a review for the products you have purchased by going to your Order History. Find the product you want to review and write your feedback about it. Please note that you can only leave reviews and ratings for products you have bought. If your review contains inappropriate content, we may review and remove it."
22,Can I add photos to my review?,"Currently, our website does not support the feature to add photos to reviews due to concerns about users uploading inappropriate images that may violate our terms of use. However, we are considering adding this feature in the future."
23,How do I rate a product?,"You can rate a product by going to your Order History, selecting the product you want to rate, and giving it a rating. You can also write a review along with your rating. Please note that you can only rate products you have purchased."
24,Can I edit my review?,"You can edit your review by going to the My Review section in your profile. To access it, click on your avatar at the top of the website, then select “Profile” and navigate to the “My Review” tab. There, you’ll see a list of all the reviews you’ve submitted. Choose the specific review you want to edit, click on it, and you’ll be able to make the necessary changes. Once you’re done, save your changes to update the review. Please note that all edited reviews are subject to our content guidelines and may be reviewed before being displayed."
25,Why can't I review a product?,"Our website only allows users to review products they have purchased or that appear in their Order History. If you have purchased a product but still can't see your review appear on the product page, it may have been removed because it did not comply with our terms of use."
26,How do I see all reviews for a product?,"You can see all reviews for a product by clicking on the product to view its detail page. Once you’re on the product detail page, scroll down until you find the Reviews section. Click on it to expand and view all the feedback that other customers have left about the product. This section includes star ratings, written reviews, and any other available information shared by verified buyers to help you make an informed purchase decision."
27,What do the star ratings mean?,"The star ratings for each product represent the average score given by all customers who have purchased and reviewed that product. The rating is calculated based on the number of stars users assign—ranging from 1 to 5 stars. The more stars a product has, the higher its overall satisfaction level among customers. This helps new buyers quickly assess the quality and popularity of a product based on real customer experiences."
28,Can I reply to other reviews?,"Currently, we do not support the feature to reply to other users' reviews. You cannot interact with reviews, such as liking or reporting them. However, we will consider adding these features in the near future if we find them useful."
29,How do I report an inappropriate review?,"Currently, we do not support the feature to interact with other users' reviews, such as liking, replying, or reporting them. However, we make every effort to filter out inappropriate reviews to improve your experience. If you encounter any issues, please contact our Customer Support Center for assistance."
30,Why was my review removed?,"Your review may have been removed because it did not comply with our terms of use. We strive to create a user-friendly website, and as part of that effort, we remove harmful or inappropriate reviews. If you have any questions, please contact our Customer Support Center for assistance."
31,How do I place an order?,"To place an order, first go to the product detail page of an item you're interested in. You will see an Add to Cart button. After selecting the product, size, and quantity you want, click the button to add it to your cart. You can view the items in your cart by clicking on the cart icon in the header of the website. Here, you can review your items, proceed to checkout, and fill in any missing information like your shipping address and phone number. You can also remove any items you no longer wish to purchase. Please note that it’s recommended to complete your purchase immediately after adding items to your cart, as products in your cart may be purchased by other customers if you do not confirm your order right away."
32,Where can I see my current orders?,"To see your current orders that are waiting to be confirmed, click on the cart icon located in the header of the website. You will be redirected to the cart page, where you can view the list of products you have added to your cart. These are the items you have selected but have not yet completed the payment for. From this page, you can review the product details, adjust quantities, remove items, or proceed to checkout to finalize your purchase."
33,Can I modify my order?,"Yes, you can modify your order as long as you haven’t confirmed the payment. To do so, go to your cart by clicking the cart icon in the header. In the cart page, you can remove items you no longer want by clicking the trash bin icon located at the top-right corner of each product. You can also add other products to your cart before proceeding to checkout. However, once you confirm the payment, the order will be processed, and further changes will no longer be possible."
34,How do I cancel an order?,"You can cancel an order by removing individual items from your cart before completing the payment. To do this, go to your cart page and click the trash bin icon located at the top-right corner of the product you want to remove. However, once you have confirmed the payment, the order can no longer be canceled, so please review your cart carefully before checking out. If you experience any issues during the delivery process or after placing your order, please contact our customer support team for assistance."
35,What payment methods do you accept?,"We currently accept credit cards and debit cards for payment when you confirm your order on our website. You can securely enter your card details during the checkout process to complete your purchase. If you encounter any issues after receiving your order, you can contact our customer support to request a return and receive a refund based on your case."
36,Is it safe to use my credit card?,"Yes, it is safe to use your credit card on our website. We use secure encryption protocols to protect your personal and payment information during transactions. Your card details are processed securely and are not stored on our servers. We are committed to ensuring a safe and trustworthy shopping experience for all our customers."
37,Can I save my payment information?,"Yes, after you complete an order, your payment information will be automatically saved securely by our system. You can view your saved payment details by clicking on your avatar in the top-right corner of the website, selecting “Profile,” and then choosing the “My Payment Information” section. This allows for quicker checkout in future purchases. Please note that your payment details are stored securely and are protected by industry-standard encryption protocols to ensure your safety."
38,How do I apply a discount code?,"Currently, our website does not support applying discount codes directly to products. However, you can browse all discounted items by visiting the Sales page on our website. Additionally, you can stay updated on the latest sales and discounts by clicking the notification bell icon located in the header. This section will show you announcements about which products are on sale and how much they are discounted."
39,Can I order multiple sizes of the same item?,"When adding a product to your cart, you can only select one size and the quantity for that specific size at a time. However, after successfully adding the item to your cart, you can choose a different size of the same product and add it to your cart as well. This way, you can have multiple sizes of the same item in your cart."
40,How do I check my order status?,"We will send regular notifications to users about the status of their order whenever there is an update. You can also check the status of your order by visiting our website and clicking on the bell icon in the header to view any notifications from us. If you have any questions about your order status, please feel free to contact us."
41,What are the shipping costs?,"Shipping costs are calculated based on the distance from our warehouse to your delivery address, and we always try to offer the most affordable rates. Before you confirm your payment, the total amount will be displayed clearly, including a breakdown of the original order cost, any applicable discounts, shipping fees, and any additional charges (if applicable)."
42,How long will delivery take?,"Delivery time depends on the distance to your shipping address. However, we always strive to ensure your order arrives as quickly and safely as possible. If you have any questions about the status of your order, please contact our customer support center."
43,Do you ship internationally?,"Currently, our website only supports delivery within the Hanoi area. We are working to expand our delivery coverage as soon as possible. If you have any questions regarding the delivery process, please contact our customer support team."
44,Can I track my order?,"Yes, you can track your order. We regularly update your order status and will send you detailed notifications as soon as there are any changes. Please visit the website frequently and check the notifications by clicking the bell icon in the header section of the website. If you have any questions, feel free to contact us."
45,What if I'm not home for delivery?,"If you're not home when the delivery arrives, our delivery staff will try to contact you using the phone number you provided during checkout. If they are unable to reach you, they will either attempt redelivery at another time or leave a message with instructions for rescheduling the delivery. Please make sure your contact details are accurate when placing your order. If you have any concerns or need to change your delivery time, feel free to contact our customer support team."
46,Do you offer express shipping?,"Currently, we do not offer express shipping services. However, we strive to ensure that all orders are delivered to you as quickly and safely as possible. The delivery time will depend on the shipping distance. If you have any questions or concerns about your order, feel free to contact our customer support team for further assistance."
47,Can I change my delivery address?,"Once you have confirmed and completed the payment for your order, we are unable to change the delivery address. However, if you haven't confirmed payment yet, you can modify your delivery address in the checkout process. If you encounter any issues after payment, please contact our customer support team, and we will do our best to assist you."
48,Are there any shipping restrictions?,"Currently, we only offer shipping within the Hanoi city area. We are working on expanding our delivery services to other regions, and we will notify customers once this becomes available. If you have any questions about shipping restrictions, please feel free to contact our customer support team."
49,Do you ship to PO boxes?,"At this time, we do not offer shipping to PO boxes. We require a physical address for delivery. If you have any questions or need assistance with your shipping address, please feel free to contact our customer support team."
50,How are shipping costs calculated?,"Shipping costs are typically calculated based on factors like the delivery address, the weight and size of the items, and the shipping method selected. For our website, shipping costs are determined by calculating the distance from our warehouse to your delivery address, along with the weight of your order. Before you confirm payment, the total cost will be displayed, including the cost of the items, any discounts (if applicable), shipping fees, and any other additional charges. If you have any questions about shipping costs, feel free to contact us."
51,What is your return policy?,"Our return policy allows you to return items within a certain period after receiving your order. Please make sure that the products are unused, in their original condition, and with all tags intact. To initiate a return, please contact our customer support team with your order details. We will guide you through the return process and help you resolve any issues. If the product is damaged or incorrect, we will provide a full refund or exchange. However, items that do not meet the return conditions, such as worn or opened items, may not be eligible for a return. For any further inquiries regarding returns, feel free to reach out to us."
52,How do I return an item?,"To return an item, please contact our customer support team through our website or by email with your order details, including the reason for the return and the product information. Once we receive your request, our team will provide you with a return authorization and further instructions. Make sure the item is unused, in its original packaging, and has all tags intact before securely packaging it for return. Follow the instructions provided by customer support for shipping the product back to us. You may be responsible for the return shipping costs unless the item is defective or incorrect. After we receive and inspect the returned item, we will process a refund or exchange based on your preference and the situation. If you have any questions or need assistance, feel free to contact us!"
53,Who pays for return shipping?,"The customer is generally responsible for the return shipping costs, unless the item is defective, damaged, or the wrong item was shipped. If the return is due to an error on our part, we will cover the return shipping costs. Please contact our customer support team for further instructions and assistance with returns."
54,How long do refunds take?,"Refunds typically take 5-7 business days to process after we receive the returned item. The time it takes for the refund to appear in your account may vary depending on your payment method and bank processing times. If you have any concerns or if your refund takes longer than expected, please contact our customer support team for assistance."
55,Can I exchange an item?,"Currently, our website does not offer an exchange service. If you wish to exchange an item, you would need to return the original item and place a new order for the desired product. Please refer to our return policy for details on how to return an item. If you have any questions or need assistance, feel free to contact our customer support team."
56,What items can't be returned?,"There are certain items that cannot be returned due to hygiene and safety regulations. These include underwear, swimwear, personalized or custom-made items, and products that have been opened or used if the packaging is damaged. Additionally, gift cards and vouchers are non-returnable. If you're unsure whether an item can be returned, please feel free to contact our customer support team for further clarification."
57,Do I need the original packaging?,"Yes, for most returns, we ask that you return the item in its original packaging, including any tags, labels, or accessories that came with it. This helps us ensure that the item is returned in its original condition. If the original packaging is not available, please ensure the item is securely packaged to prevent any damage during the return shipping process. If you have any concerns, feel free to contact our customer support team for assistance."
58,How do I get a return label?,"To obtain a return label, please contact our customer support team. Once your return request is approved, we will send you a pre-paid return label via email or provide a download link through your account. Simply print the label and attach it to the package you're returning. If you need assistance with the return process or have any questions, feel free to reach out to us directly."
59,Can I return a gift?,"Yes, you can return a gift. However, the return process will be the same as for regular orders. You will need to contact our customer support team to initiate the return. If you have the order details, it will help speed up the process. Once the return is approved, you can follow the standard return process, and the refund will be issued to the original payment method unless otherwise specified. If you don't have the receipt, please provide us with as much information as possible to help us locate the order."
60,What if my item arrives damaged?,"If your item arrives damaged, please contact our customer support team immediately. You will need to provide details about the damage, along with photos of the item and packaging if possible. Once we review the information, we will assist you in initiating a return or exchange process. We strive to resolve such issues as quickly as possible and ensure that you receive a replacement or refund according to our return policy."
61,What's trending right now?,"If you're curious about what's trending at the moment, you can head over to the New Arrivals section by clicking it in the navigation bar. There, you'll find a curated list of the newest products that have just landed in our store — many of which are currently popular and catching the attention of other customers. It's a great way to discover the latest styles and must-have items before they sell out."
62,What should I wear to a formal event?,"If you're preparing for a formal event and not sure what to wear, we’ve got you covered. Simply click on the Clothing section in the navigation bar — it will take you to a curated page where we've organized themed collections for different occasions. Look for the collection titled Formal Wear, where you’ll find a variety of elegant and polished outfits perfect for any upscale gathering."
63,Can you suggest comfortable workout clothes?,"Currently, our website doesn't have a dedicated collection specifically for workout clothes. However, you can easily search for the items you're looking for by using the search bar at the top of the page. We're continuously working to understand our users' needs better and will do our best to add new collections featuring the most popular and essential products — including comfortable workout wear — as soon as possible."
64,What's good for summer wear?,"Currently, our website doesn't have a dedicated collection specifically for summer wear. However, you can use the search bar at the top of the page to find lightweight and breathable clothing suitable for hot weather. We're constantly exploring what our users need most and will try to add curated collections for popular seasonal styles like summer wear as soon as possible to make your shopping experience even easier."
65,What are your best-selling items?,"You can check out our best-selling items by clicking on the Clothing or Accessories sections in the navigation bar. There, you’ll find curated collections of the trendiest and most popular products that we’ve carefully put together based on what our customers love the most. These collections are regularly updated to reflect our current best-sellers, making it easier for you to discover what's hot right now."
66,What's new in winter collection?,"Currently, our website doesn't have a specific collection dedicated to winter wear. We recommend using the search bar to look for the products you're interested in. We're always exploring ways to improve your shopping experience, and we'll work on adding curated collections for the most popular and essential seasonal items, including winter wear, as soon as possible."
67,Can you recommend business casual outfits?,"Currently, we don't have a dedicated collection for business casual outfits. However, you can use the search bar at the top of our website to find items that match your preferences. We're actively working on curating more themed collections, including business casual wear, to help you shop more easily in the near future."
68,What's popular in kids' wear?,"To discover what's currently popular in kids' wear, simply head over to the Sales or New Arrivals section from the navigation bar. Once you're there, use the Filter option and select Kids to view a curated list of the latest and most loved items for children. It's the easiest way to stay updated on trending styles for your little ones!"
69,What should I buy for a baby shower?,"For a baby shower, you'll want to pick out thoughtful and practical gifts for the little one. Although we don't have a specific category dedicated to baby shower gifts, we recommend browsing through our New Arrivals section to find baby clothing, accessories, or cute essentials. You can also use the Filter option to select Baby to easily discover items suitable for the occasion. Whatever you choose, we're sure it will be a great gift for the new parents!"
70,What are must-have basics?,"Currently, we don't have a dedicated Basics collection, but you can find essential items like plain tops, jeans, and neutral outerwear by using the search bar or exploring the Clothing section. We’re working on creating collections for everyday wardrobe staples and will release them soon."
71,How do I find my size?,"You can find your size by measuring your body and comparing it with standard size charts available on reputable clothing websites. Since our website does not currently provide individual size guides for each product, we recommend referring to trusted fashion retailers or brand websites for general sizing information. If you're still unsure about your size, feel free to contact us, and we’ll be happy to assist you."
72,Do your sizes run small or large?,"Our sizes generally follow standard sizing, but keep in mind that sizing can vary slightly depending on the brand or style. Since we don't provide specific size charts for each product on our website, we recommend checking with trusted clothing websites or brand-specific size guides for a more accurate fit. If you have any doubts or need assistance, feel free to contact us, and we’ll be happy to help."
73,What's your size chart?,"Currently, we do not provide a specific size chart for each product on our website. However, we recommend checking size charts on trusted clothing websites or referring to the brand-specific size guides for more accurate measurements. If you need help or have questions about sizing, feel free to reach out to us, and we’ll assist you in finding the best fit."
74,How should this fit?,"The fit of each item may vary depending on the brand and style. We recommend checking the product description for any information on fit, such as whether the item is true to size, runs small, or runs large. You can also refer to size charts available on trusted clothing websites or the brand’s official size guide. If you need assistance finding the best fit, feel free to contact us!"
75,What size do models wear?,"The models featured on our website typically wear a standard size, which is often mentioned in the product descriptions. However, sizing may vary depending on the brand and style. For more accurate guidance, we recommend checking the specific product’s size information or referring to size charts from trusted clothing sources. If you're unsure, feel free to contact us for further assistance!"
76,Are your sizes consistent across brands?,"Sizes may vary slightly across different brands, as each brand can have its own sizing standards. We recommend checking the product description for any specific sizing information related to the brand you're purchasing. Additionally, using size charts from trusted sources can help ensure a better fit. If you're unsure, feel free to contact us, and we'll be happy to assist you in choosing the right size!"
77,What if I'm between sizes?,"If you're between sizes, we recommend considering how you prefer your clothes to fit. If you like a looser fit, you may want to go with the larger size, and if you prefer a more fitted look, the smaller size might be a better choice. Additionally, some products may have stretch or flexibility, so it’s worth checking the fabric details. If you're still unsure, feel free to reach out to us for further assistance!"
78,Do clothes shrink after washing?,"Some clothes, especially those made from natural fabrics like cotton, may shrink after washing, particularly if they are washed in hot water or dried on high heat. To minimize shrinkage, it's recommended to follow the care instructions on the label, wash in cold water, and air dry or tumble dry on low heat. For garments made from fabrics like polyester or elastane, shrinkage is less common. If you have specific questions about a product, feel free to reach out to us!"
79,How do I measure myself?,"To measure yourself accurately for clothing, start with your bust by measuring around the fullest part of your chest, making sure the tape measure is level and not too tight. For your waist, measure around your natural waistline, just above your belly button, ensuring the tape measure is snug but not tight. When measuring your hips, wrap the tape around the fullest part of your hips, usually about 8 inches below your waist, and ensure it stays straight across your back. For inseam, measure from the top of your inner thigh down to your ankle, ideally with someone else's help. To measure shoulder to waist, start from the top of your shoulder and go down to your natural waistline. Lastly, for sleeve length, measure from the top of your shoulder to your wrist with your arm slightly bent. For the best results, make sure you’re standing straight and use a soft measuring tape. You can also refer to size guides from trusted brands online to find your best fit. If you're in between sizes, it's usually a good idea to opt for the larger size for more comfort, especially if you plan to layer your clothes."
80,What size should I buy if I'm pregnant?,"When shopping for maternity clothing, it's important to choose items that will accommodate your growing belly comfortably. Generally, you should select your pre-pregnancy size, as maternity clothing is designed to fit over your bump while still maintaining a good fit for your body. However, you may want to go up one size if you're looking for more room as your pregnancy progresses, especially for items like pants, dresses, and tops. Always check the product descriptions or size guides provided by the store to ensure you're selecting the best fit. If you're in between sizes, it's often a good idea to choose the larger size for more comfort as your body changes."
81,How should I wash this item?,"To properly care for your clothing and ensure its longevity, always check the care label on the garment for specific washing instructions. Typically, washing instructions will include whether the item should be machine-washed or hand-washed, the recommended water temperature, and whether it should be air-dried or tumble-dried. For delicate fabrics or items with special care needs, following these instructions will help prevent damage such as shrinking, fading, or fabric wear. If you’re unsure, it's generally safest to wash items in cold water and air-dry them to preserve the quality."
82,Is this dry clean only?,"To determine if an item is dry clean only, check the care label on the garment. The care label will clearly state if the item requires dry cleaning. If it says Dry Clean Only, it's important to follow these instructions to prevent damage to the fabric. For items without this specific instruction, you may be able to wash them at home, but always consider the material and its sensitivity to heat or water. If you’re uncertain, it's best to take the item to a professional dry cleaner to maintain its condition."
83,How do I remove stains?,"To remove stains, it’s important to act quickly and treat the stain based on its type. First, identify the stain and determine the right cleaning method. When treating the stain, gently blot it with a clean cloth or paper towel without rubbing to avoid spreading or embedding the stain further into the fabric. Next, pre-treat the stain by applying a small amount of stain remover or liquid laundry detergent directly onto the affected area and let it sit for a few minutes. After that, wash the item according to the care instructions on the label, as most stains can be removed by washing with warm water. However, always double-check the care label to ensure you’re using the correct washing temperature. Finally, before drying the item, make sure the stain is completely gone, as heat can set the stain. If the stain remains after washing, repeat the treatment before drying. For tougher stains, you may need a specialized stain remover or a professional cleaning service."
84,Will this fabric wrinkle easily?,"The likelihood of fabric wrinkling depends on the material. Natural fibers such as cotton, linen, and wool tend to wrinkle more easily, especially after washing, while synthetic fibers like polyester, nylon, and spandex are generally wrinkle-resistant. Some blends of natural and synthetic fibers may offer a balance of comfort and durability with less wrinkling. To prevent wrinkles, it’s best to follow the care instructions carefully, and using a steamer or iron can help smooth out any creases. For fabrics that are prone to wrinkles, consider choosing wrinkle-resistant options or fabrics with a bit of stretch for a smoother look throughout the day."
85,How do I iron this?,"To iron your garment properly, it's important to follow the care label instructions, as different fabrics require different settings. For cotton, use a high heat setting with steam, as cotton wrinkles easily. For linen, set the iron to high heat and use steam, ideally ironing while the fabric is slightly damp for the best results. Wool should be ironed on a medium heat setting with steam, but avoid direct contact with the iron. Instead, place a cloth over the wool to prevent shine. For silk, set the iron to low heat, and always iron on the reverse side of the fabric to prevent damage, using steam or ironing while slightly damp. Polyester and other synthetics should be ironed on a low to medium heat setting without steam to avoid melting or damaging the fabric. Always iron on the reverse side to prevent shiny marks, and avoid keeping the iron in one spot for too long. By adjusting the settings based on the fabric type, you can ensure that your clothes are ironed properly and safely."
86,How should I store this item?,"To store your clothing properly, it’s important to follow specific guidelines based on the fabric type. For delicate fabrics like silk or wool, always store them in a cool, dry place and use garment bags to protect them from dust and damage. These fabrics should also be hung on padded hangers to maintain their shape and prevent wrinkles. Cotton and linen can be folded and stored in drawers or on shelves, ensuring they’re kept in a dry area to prevent mildew. For items made from synthetic materials, such as polyester, store them in a breathable garment bag if hanging to avoid snagging, or fold them neatly in a drawer. For outerwear, like coats or jackets, make sure they are hung on strong, wide hangers to keep their structure intact. Avoid overpacking drawers or closets, as this can cause clothes to become misshapen. Lastly, for seasonal clothing, make sure they are cleaned and stored in a cool, dry place to keep them fresh until the next season. Proper storage will help prolong the life of your garments and keep them in good condition."
87,Will this fade in the wash?,"The likelihood of your clothing fading in the wash depends on several factors, such as the fabric type, the color of the item, and how you wash it. Dark colors and vibrant hues are more prone to fading over time, especially when exposed to hot water, harsh detergents, or frequent washing. To prevent fading, it’s best to wash dark or brightly colored items in cold water and turn them inside out. Use a gentle detergent and avoid overloading the washing machine to reduce friction. Additionally, air-drying your clothes instead of using a dryer can help preserve the color. Some fabrics, such as cotton, may naturally fade with repeated washing, while others like synthetic fibers may retain their color better. To further protect your garments, you can use a color-safe detergent or add a color-boosting product to your wash. Always follow the care instructions on the label to help maintain the original look of your clothes."
88,Is this colorfast?,"Colorfastness refers to how well a fabric retains its color when washed, exposed to sunlight, or subjected to friction. If an item is colorfast, the color won’t fade or bleed easily. To preserve color, follow the care instructions, wash in cold water, and turn the item inside out. For added protection, use color-catcher sheets. If you're unsure, test a hidden part of the fabric by blotting it with a white cloth to check if any dye transfers."
89,Can I put this in the dryer?,"It depends on the fabric and care instructions of the item. Some materials can be safely tumble-dried on low heat, while others may shrink, lose shape, or get damaged. Always check the care label for specific drying instructions. If the label advises against using a dryer, it’s best to air dry the item to maintain its quality."
90,How do I maintain the shape?,"To maintain the shape of your item, always follow the care instructions on the label. For items that may lose their shape, consider laying them flat to dry instead of hanging them, as hanging can stretch certain fabrics. For garments like knitwear or delicate items, using a garment bag during washing can help protect their structure. Additionally, avoid excessive heat during drying and ironing, as high temperatures can distort the fabric. Regularly reshaping and storing items properly can also help keep them looking their best."
91,Why can't I add items to cart?,"If you're unable to add items to your cart, there could be a few reasons for this. First, ensure that the item you are trying to add is available in the size and quantity you want. If the item is out of stock or there is a limited quantity, you may not be able to add it to your cart. Additionally, check if you're logged into your account, as some websites may require you to be logged in before adding items to your cart. If you still experience issues, try refreshing the page or clearing your browser's cache and cookies. If the problem persists, please contact our customer support team for assistance."
92,The website isn't loading properly,"If the website isn't loading properly, there are a few steps you can try to resolve the issue. First, try refreshing the page by pressing Ctrl + R (or Command + R on a Mac). If that doesn't work, clear your browser's cache, as old or corrupted data may be causing the issue. Ensure your internet connection is stable by trying to load other websites. If the problem persists, try using a different browser or device to access the site. Also, consider disabling any browser extensions or plugins temporarily, as they could interfere with the website's functionality. If the issue still isn't resolved, please contact our customer support team for further assistance, and they will help fix any technical problems you're facing."
93,How do I clear my shopping cart?,"To clear your shopping cart, simply go to your cart page by clicking on the shopping cart icon in the website header. Here, you'll see a list of items in your cart. To remove an item, just click the trash can icon at the top right corner of that product. If you want to remove all items, you can do so by removing each one individually or by selecting other available options if any."
94,Why can't I check out?,"If you're unable to check out, it could be due to several reasons. First, make sure all the items in your cart are still available and not out of stock. If the item is out of stock, you won’t be able to proceed with checkout. Also, check that you've filled in all the necessary details like your shipping address and payment information correctly. If there’s an issue with your payment method, such as an expired credit card or insufficient funds, this can also prevent you from completing the checkout process. If you're still having trouble, please contact our customer support team for assistance."
95,The images aren't loading,"If the images on the website aren't loading, it could be due to an internet connection issue or a problem with the website itself. First, try refreshing the page or clearing your browser's cache. If you're still having trouble, check your internet connection to make sure it's stable. You can also try accessing the website from a different browser or device. If the issue persists, please contact our customer support team, and we’ll assist you in resolving the problem."
96,How do I enable notifications?,"Currently, our website does not have the option to hide notifications. However, you will automatically receive notifications about important updates regarding your orders and promotions. To stay updated, please make sure that you have not disabled notifications in your browser or app. If you encounter any issues with notifications, feel free to contact us for further assistance."
97,The size selector isn't working,"If the size selector isn't working, try refreshing the page to see if that resolves the issue. If the problem persists, it could be due to a temporary glitch or an issue with your browser. We recommend clearing your browser cache or trying a different browser. If you're still experiencing difficulties, please contact us, and we'll assist you in resolving the issue as quickly as possible."
98,Why can't I log in?,"If you're unable to log in, please double-check your email and password to ensure they are entered correctly. If you've forgotten your password, you can use the Forgot Password option to reset it. If you're still having trouble logging in, it could be due to an account issue or a temporary glitch. In that case, please contact our customer support team, and we'll assist you in resolving the issue."
99,How do I use the search filters?,"To use the search filters on our website, click the filter button located at the top left corner of the product list. This will open up various options, including filters for size, minimum and maximum price, and minimum and maximum ratings. Simply select the options that match your preferences, then click Apply to update the product list based on your selected criteria."
100,Why am I seeing old prices?,"If you're seeing old prices, it's possible that the product is no longer on sale or the discount has expired. Please check the 'Sales' section for the latest offers, or refresh the page to ensure you're seeing the most current price. If the issue persists, feel free to contact our customer support team for assistance."
